<?xml version="1.0" encoding="UTF-8"?>
<project-private xmlns="http://www.netbeans.org/ns/project-private/1">
    <editor-bookmarks xmlns="http://www.netbeans.org/ns/editor-bookmarks/2" lastBookmarkId="0"/>
    <open-files xmlns="http://www.netbeans.org/ns/projectui-open-files/2">
        <group name="Thread">
            <file>file:/C:/Users/christian/Desktop/ProgettoLogin/src/Seriale.java</file>
            <file>file:/C:/Users/christian/Desktop/ProgettoLogin/src/WelcomePage.java</file>
            <file>file:/C:/Users/christian/Desktop/ProgettoLogin/src/IDePassword.java</file>
            <file>file:/C:/Users/christian/Desktop/ProgettoLogin/src/Main.java</file>
            <file>file:/C:/Users/christian/Desktop/ProgettoLogin/src/LoginWindow.java</file>
        </group>
    </open-files>
</project-private>
